porcentajeMuestreo,tiempo,correctas
1,0.94199985,84.18367
1,0.49999967,85.20408
1,0.4459997,83.67347
1,0.43899986,85.20408
1,0.4239998,83.67347
2,1.3920014,86.734695
2,0.94199866,85.20408
2,0.8929988,84.18367
2,0.88199884,87.755104
2,0.8689989,86.734695
3,1.8640022,86.22449
3,1.4139998,86.734695
3,1.3909992,86.22449
3,1.3529994,88.265305
3,1.3669991,87.244896
4,2.3700037,86.734695
4,1.907,87.244896
4,1.8939997,89.28571
4,1.8579996,89.79592
4,1.8599994,90.81633
